date,courts,memberships,shop,bar,corporate,total_incl_tax,tax,net_of_tax
2026-09-05,0.00,0.00,0.00,0.00,0.00,0.00,0.00,0.00
2026-09-06,0.00,0.00,0.00,0.00,0.00,0.00,0.00,0.00
2026-09-07,0.00,0.00,0.00,0.00,0.00,0.00,0.00,0.00
2026-09-08,0.00,0.00,0.00,0.00,0.00,0.00,0.00,0.00
2026-09-09,0.00,0.00,0.00,0.00,0.00,0.00,0.00,0.00
2026-09-10,0.00,0.00,0.00,0.00,0.00,0.00,0.00,0.00
2026-09-11,0.00,0.00,0.00,0.00,0.00,0.00,0.00,0.00
2026-09-12,0.00,0.00,0.00,0.00,0.00,0.00,0.00,0.00
2026-09-13,0.00,0.00,0.00,0.00,0.00,0.00,0.00,0.00
2026-09-14,0.00,0.00,0.00,0.00,0.00,0.00,0.00,0.00
2026-09-15,0.00,0.00,0.00,0.00,0.00,0.00,0.00,0.00
2026-09-16,0.00,0.00,0.00,0.00,0.00,0.00,0.00,0.00
2026-09-17,0.00,0.00,0.00,0.00,0.00,0.00,0.00,0.00
2026-09-18,0.00,0.00,0.00,0.00,0.00,0.00,0.00,0.00
2026-09-19,0.00,0.00,0.00,0.00,0.00,0.00,0.00,0.00
2026-09-20,0.00,0.00,0.00,0.00,0.00,0.00,0.00,0.00
2026-09-21,0.00,0.00,0.00,0.00,0.00,0.00,0.00,0.00
2026-09-22,0.00,0.00,0.00,0.00,0.00,0.00,0.00,0.00
2026-09-23,0.00,0.00,0.00,0.00,0.00,0.00,0.00,0.00
2026-09-24,0.00,0.00,0.00,0.00,0.00,0.00,0.00,0.00
2026-09-25,0.00,0.00,0.00,0.00,0.00,0.00,0.00,0.00
2026-09-26,0.00,0.00,0.00,0.00,0.00,0.00,0.00,0.00
2026-09-27,0.00,0.00,0.00,0.00,0.00,0.00,0.00,0.00
2026-09-28,0.00,0.00,0.00,0.00,0.00,0.00,0.00,0.00
2026-09-29,0.00,0.00,0.00,0.00,0.00,0.00,0.00,0.00
2026-09-30,0.00,0.00,0.00,0.00,0.00,0.00,0.00,0.00
2026-10-01,0.00,0.00,0.00,0.00,0.00,0.00,0.00,0.00
2026-10-02,0.00,0.00,0.00,0.00,0.00,0.00,0.00,0.00
2026-10-03,0.00,0.00,0.00,0.00,0.00,0.00,0.00,0.00
2026-10-04,600.00,24800.00,30800.00,841.80,437544.00,494585.80,75445.29,419140.51